id_parader,LATITUD,LONGITUD,PASAJEROS,ES_COLAB
51966.0,6.232199456951477,-75.5903730906179,0.0,1
52096.0,6.23270718481615,-75.5872739566695,4.0,0
52091.0,6.2357664351332,-75.5873170651526,0.0,1
52088.0,6.237543688452961,-75.5874095323165,5.0,0
51797.0,6.22719377074663,-75.5936708914644,0.0,1
51714.0,6.229844726598269,-75.5960060672379,24.0,0
51837.0,6.23020587865422,-75.5927960749952,0.0,1
51875.0,6.228605366662341,-75.5919222631659,0.0,1
51841.0,6.2179402855441905,-75.59269403812722,0.0,1
51829.0,6.220564923116411,-75.5929543040295,3.0,0
51801.0,6.223010880646829,-75.5935856251812,1.0,0
51771.0,6.22546090657471,-75.5943725684228,1.0,0
61420.0,6.222438429403728,-75.6058925293068,1.0,0
52083.0,6.235857339748099,-75.5874624017092,1.0,0
52089.0,6.2330545303160605,-75.5874073629769,0.0,1
60384.0,6.220690528074711,-75.614033777621,0.0,1
51971.0,6.232309620174199,-75.5903181561488,0.0,1
61418.0,6.210075422027519,-75.5946455875122,15.0,0
51811.0,6.232219877100052,-75.5933736267514,2.0,0
61419.0,6.2224377444183,-75.6058588124795,1.0,0
60386.0,6.221400563485801,-75.6353468212755,0.0,1
61412.0,6.219941717131391,-75.5987457850568,0.0,1
60387.0,6.221093144583519,-75.6149749456918,0.0,1
61413.0,6.219422550621859,-75.5989321265488,0.0,1
52077.0,6.23730723853264,-75.58752183753141,2.0,0
51683.0,6.234552604120201,-75.5966349059712,0.0,1
51697.0,6.236249221991291,-75.5964299413639,0.0,1
51693.0,6.23741113625316,-75.5965250938744,0.0,1
61409.0,6.20748019128095,-75.6149954770997,0.0,1
51718.0,6.238789784841719,-75.5960221370693,0.0,1
61410.0,6.217186386872939,-75.598258535397,9.0,0
51387.0,6.2336699634971,-75.6019496350719,0.0,1
61411.0,6.218359301866531,-75.5988610511835,17.0,0
52214.0,6.239203882168951,-75.5845623386095,5.0,0
51474.0,6.232778006436149,-75.6003625270815,0.0,1
52447.0,6.2393914288092605,-75.5805874252072,14.0,0
51583.0,6.233084849211729,-75.5984215756309,0.0,1
51643.0,6.23365525480691,-75.5972922477518,2.0,0
51166.0,6.23129513637816,-75.6058705821126,0.0,1
61439.0,6.21164580030815,-75.6016584357857,0.0,1
51279.0,6.229209195415471,-75.6035577489561,2.0,0
51388.0,6.22978612656467,-75.60196889984161,91.0,0
61433.0,6.234095824573181,-75.6137479794594,3.0,0
51383.0,6.232234642306081,-75.6020713583392,510.0,0
61434.0,6.23447137319161,-75.6143951812237,2.0,0
51784.0,6.21231897528499,-75.5940265363257,0.0,1
61428.0,6.234600942562741,-75.6159934884237,27.0,0
51089.0,6.234170280926691,-75.6078428181351,0.0,1
51149.0,6.23230111098875,-75.6061481243324,0.0,1
51875.0,6.228605366662341,-75.5919222631659,0.0,1
51770.0,6.225591231641139,-75.5944566527855,2.0,0
61425.0,6.219322800073539,-75.598910771751,0.0,1
51769.0,6.221550718635611,-75.594476887992,1.0,0
61426.0,6.219422550621859,-75.5989321265488,0.0,1
51827.0,6.21800726269564,-75.5929725049525,2.0,0
61427.0,6.234575055592919,-75.615697600467,3.0,0
61452.0,6.22139265857527,-75.5982655499262,0.0,1
51676.0,6.232118006809831,-75.5966589336845,18.0,0
51601.0,6.230935535421221,-75.5981729335368,3.0,0
51705.0,6.23043541810405,-75.5961885754187,0.0,1
61455.0,6.210317995670269,-75.5974867152022,0.0,1
51781.0,6.228201849147369,-75.59421880118511,0.0,1
52447.0,6.2393914288092605,-75.5805874252072,14.0,0
51050.0,6.22168755511615,-75.6087098180703,20.0,0
51085.0,6.220222198738749,-75.6078807394994,0.0,1
61449.0,6.20754024433076,-75.6164047989965,0.0,1
51168.0,6.22022999147325,-75.6058286831572,0.0,1
61450.0,6.218359301866531,-75.5988610511835,17.0,0
61451.0,6.22139265857527,-75.5982655499262,0.0,1
51791.0,6.238844010656339,-75.594480332435,0.0,1
51448.0,6.222055175823299,-75.6008922539885,0.0,1
61444.0,6.219505228486908,-75.5926743470773,1.0,0
52134.0,6.239145384171871,-75.586489675122,0.0,1
51040.0,6.224033109697561,-75.6089694626128,0.0,1
52214.0,6.239203882168951,-75.5845623386095,5.0,0
51112.0,6.224840414035151,-75.6073427309644,0.0,1
61445.0,6.2048256595574705,-75.6014184881835,0.0,1
52287.0,6.239288494131581,-75.5832728224507,3.0,0
51155.0,6.22469460493529,-75.6059717727503,4.0,0
51104.0,6.222899776528269,-75.6075444160888,0.0,1
50838.0,6.220453302766771,-75.61455257603211,0.0,1
50855.0,6.221805314621919,-75.6143426884577,0.0,1
61441.0,6.22993345241866,-75.6021106760769,21.0,0
50962.0,6.222663837751089,-75.61169009925851,0.0,1
61442.0,6.22991118308014,-75.6021253847367,12.0,0
50980.0,6.22301681554316,-75.6108142374207,0.0,1
51790.0,6.21217554637519,-75.5939056993267,0.0,1
55237.0,6.221698831225992,-75.6121045755297,0.0,1
50855.0,6.221805314621919,-75.6143426884577,0.0,1
61471.0,6.233751277899841,-75.61288802860912,20.0,0
61464.0,6.221055662915639,-75.5983017773925,0.0,1
51714.0,6.229844726598269,-75.5960060672379,24.0,0
51758.0,6.233960793188909,-75.5948959517735,0.0,1
61465.0,6.234492071984809,-75.6135544557034,6.0,0
51848.0,6.23644477828715,-75.5924293982922,0.0,1
61466.0,6.22441522944333,-75.6081461838213,0.0,1
51453.0,6.225894569162599,-75.600810732649,0.0,1
51590.0,6.22493829347463,-75.5983008113485,0.0,1
51661.0,6.225308215430191,-75.5969753803292,2.0,0
61463.0,6.22139265857527,-75.5982655499262,0.0,1
51695.0,6.227431275767941,-75.5964655524456,0.0,1
51261.0,6.225895617513111,-75.6039278316569,0.0,1
61456.0,6.2243571810943115,-75.604974176576,0.0,1
51256.0,6.228325899010719,-75.604005148594,0.0,1
61458.0,6.23076276727088,-75.5966970766747,8.0,0
51372.0,6.229019495927139,-75.6021733418809,0.0,1
51384.0,6.227237369733661,-75.6019722156532,68.0,0
51437.0,6.219788542036781,-75.6010592495508,0.0,1
61484.0,6.20383407072909,-75.6018100114563,0.0,1
51168.0,6.22022999147325,-75.6058286831572,0.0,1
51170.0,6.2230221013881994,-75.6058172243009,0.0,1
51182.0,6.22554543460543,-75.6057051373284,0.0,1
61480.0,6.232846521480769,-75.6022118023252,29.0,0
61482.0,6.221233966999422,-75.5923506929746,0.0,1
61483.0,6.20291552251168,-75.6008901728228,0.0,1
61478.0,6.21277043597118,-75.6026328509735,0.0,1
51149.0,6.23230111098875,-75.6061481243324,0.0,1
61479.0,6.232836959656652,-75.6022676545262,22.0,0
51166.0,6.23129513637816,-75.6058705821126,0.0,1
51186.0,6.230720813754629,-75.6056763596757,1.0,0
51209.0,6.22964565096021,-75.6049182348394,0.0,1
51105.0,6.233045087906418,-75.6075674285995,0.0,1
51090.0,6.234259878168541,-75.6078281886802,0.0,1
51089.0,6.234170280926691,-75.6078428181351,0.0,1
51101.0,6.23281155496473,-75.6076750354477,2.0,0
61503.0,6.223713936791131,-75.5975863493242,0.0,1
51191.0,6.234327543718851,-75.605503750222,0.0,1
51328.0,6.21975457432755,-75.6026351718323,0.0,1
51149.0,6.23230111098875,-75.6061481243324,0.0,1
61497.0,6.209509132553109,-75.5986792154163,0.0,1
51287.0,6.220506909505069,-75.6033763878241,0.0,1
51140.0,6.2317603305246,-75.6063464761071,0.0,1
51448.0,6.222055175823299,-75.6008922539885,0.0,1
51109.0,6.231967259165598,-75.6075186098972,6.0,0
61498.0,6.22530634097539,-75.6037981772385,15.0,0
51437.0,6.219788542036781,-75.6010592495508,0.0,1
51104.0,6.222899776528269,-75.6075444160888,0.0,1
51050.0,6.22168755511615,-75.6087098180703,20.0,0
51085.0,6.220222198738749,-75.6078807394994,0.0,1
51353.0,6.234846266635119,-75.6023582345632,36.0,0
51233.0,6.2190463622753915,-75.6043205338398,0.0,1
51705.0,6.23043541810405,-75.5961885754187,0.0,1
61488.0,6.206967269066121,-75.6180501113169,0.0,1
51594.0,6.2288525677066895,-75.5982951129532,0.0,1
61489.0,6.20525229878854,-75.6291810598759,0.0,1
61490.0,6.223713126355809,-75.5975830943004,0.0,1
51318.0,6.22653389670177,-75.6027505798948,1.0,0
61491.0,6.223713936791131,-75.5975863493242,0.0,1
51190.0,6.224046229987801,-75.60556124983401,2.0,0
51834.0,6.236401313671142,-75.5928531512951,2.0,0
51748.0,6.2340686282712205,-75.5951304805589,0.0,1
51626.0,6.232745943008551,-75.59762707553351,0.0,1
51601.0,6.230935535421221,-75.5981729335368,3.0,0
51375.0,6.235221908791199,-75.6021378126623,9.0,0
51341.0,6.236296775717859,-75.6025051995623,4.0,0
61514.0,6.232814194297632,-75.6124518785114,28.0,0
51279.0,6.229209195415471,-75.6035577489561,2.0,0
51388.0,6.22978612656467,-75.60196889984161,91.0,0
51383.0,6.232234642306081,-75.6020713583392,510.0,0
51379.0,6.233361801527509,-75.6020639883164,3.0,0
61504.0,6.223533721765681,-75.5975271198136,0.0,1
61505.0,6.235020051418141,-75.6117035376889,0.0,1
61506.0,6.235054028185141,-75.6113439913152,0.0,1
61507.0,6.22681411141462,-75.6057504747569,0.0,1
61534.0,6.207224492404242,-75.6195526717029,0.0,1
61535.0,6.205780431390351,-75.626244065678,0.0,1
61525.0,6.224338498801199,-75.5917652651958,0.0,1
61526.0,6.202915431951651,-75.6008902631085,0.0,1
61527.0,6.2027686063577505,-75.6012205563237,0.0,1
61520.0,6.21370283209044,-75.6020329982151,0.0,1
61522.0,6.234863174311409,-75.6022970838492,15.0,0
61523.0,6.2349198335820795,-75.6022683128919,16.0,0
61294.0,6.218427831063009,-75.5996920927914,0.0,1
61295.0,6.2202895696551606,-75.6075833659311,0.0,1
61288.0,6.207975818100312,-75.6092750632858,0.0,1
61289.0,6.2151536535531795,-75.6012622616283,0.0,1
61290.0,6.215153065483921,-75.6013021231121,0.0,1
61284.0,6.210345613887771,-75.6014543063533,0.0,1
61280.0,6.216640200289441,-75.59505537590532,0.0,1
61281.0,6.221225362802861,-75.5994974865025,11.0,0
61282.0,6.221235653628059,-75.599436574336,25.0,0
61283.0,6.21328496557748,-75.5992027721695,0.0,1
61308.0,6.218159806691051,-75.5986533783242,32.0,0
61310.0,6.2306254900035,-75.6097954969628,0.0,1
61311.0,6.22934137963945,-75.6124311294414,0.0,1
61304.0,6.222745129710621,-75.6115792316645,0.0,1
61305.0,6.213196209791369,-75.593843261419,0.0,1
61307.0,6.21026466355278,-75.5972928597896,0.0,1
61300.0,6.23430059849975,-75.6247026252143,0.0,1
61301.0,6.235502298267579,-75.6229643344831,0.0,1
61302.0,6.235481577977869,-75.6228159743222,0.0,1
61303.0,6.222972067960988,-75.6119083384433,0.0,1
61298.0,6.2150533107252395,-75.6012845645163,0.0,1
61299.0,6.215153336650792,-75.6013023042007,0.0,1
61324.0,6.206933335553659,-75.6109674807794,0.0,1
61325.0,6.21462068826133,-75.5987810756896,0.0,1
61326.0,6.212456158258759,-75.5984340625922,0.0,1
61327.0,6.216620214972911,-75.6002515518183,0.0,1
61320.0,6.21462095861048,-75.5987819798984,0.0,1
61321.0,6.208842242545221,-75.6013446757583,0.0,1
61316.0,6.2149794286477515,-75.5983144341664,0.0,1
61318.0,6.22371287165864,-75.5995635799373,4.0,0
61319.0,6.223706426243171,-75.5995040947893,15.0,0
61312.0,6.22922755120229,-75.6128491536072,0.0,1
61340.0,6.23596546224375,-75.6211817773392,0.0,1
61341.0,6.23594613302856,-75.621694557417,0.0,1
61342.0,6.222671519453101,-75.613354434962,0.0,1
61343.0,6.210113060846352,-75.5943159788082,0.0,1
60310.0,6.21447010649791,-75.6057448402217,0.0,1
61338.0,6.21608989573508,-75.5998233129656,0.0,1
61339.0,6.216633109342471,-75.6002877226903,0.0,1
61332.0,6.22049374489451,-75.6022786301354,0.0,1
61333.0,6.220558024081621,-75.6025483404597,1.0,0
61334.0,6.220757542098401,-75.608652417786,3.0,0
61328.0,6.216632928735389,-75.6002874513137,0.0,1
61357.0,6.2132686597269196,-75.5991436386149,0.0,1
61359.0,6.225918821473341,-75.6006327094553,2.0,0
61352.0,6.23155057808922,-75.6147218980522,0.0,1
61353.0,6.231703579044109,-75.6136797546335,0.0,1
61354.0,6.2323421400458,-75.613349205868,6.0,0
61355.0,6.23270836407857,-75.6126034355367,33.0,0
61349.0,6.232215686142131,-75.6130333159578,11.0,0
61350.0,6.231566135666882,-75.6134797360893,0.0,1
61351.0,6.231095549862591,-75.6136582578584,0.0,1
61345.0,6.210448534425371,-75.5960353855722,0.0,1
61346.0,6.21674048299068,-75.597892491595,12.0,0
61347.0,6.214046440687268,-75.5964793622695,55.0,0
61368.0,6.217186386872939,-75.598258535397,9.0,0
61369.0,6.21462068826133,-75.5987810756896,0.0,1
61370.0,6.21838528466333,-75.5992411745424,0.0,1
61371.0,6.21841017062076,-75.5992322540107,0.0,1
61367.0,6.20701091457301,-75.6124059272338,0.0,1
61360.0,6.225912295784438,-75.6006439106761,2.0,0
61362.0,6.216979376231771,-75.5956535112885,0.0,1
61363.0,6.2070628967820705,-75.6003475653215,0.0,1
61388.0,6.23581894718033,-75.619007096734,0.0,1
61389.0,6.223649047601239,-75.6105827145347,0.0,1
61384.0,6.218276543914632,-75.5991708176851,1.0,0
61385.0,6.218410170415812,-75.59923243479241,0.0,1
61386.0,6.227967773510491,-75.5965673706691,0.0,1
61387.0,6.235853922431132,-75.6189570596887,0.0,1
61376.0,6.220652986023212,-75.6043861031126,0.0,1
61377.0,6.220838188404639,-75.6047500491824,0.0,1
61378.0,6.22221700968205,-75.6084718676465,2.0,0
61379.0,6.223756309761541,-75.6072268653154,0.0,1
61404.0,6.217131656960688,-75.5931234629042,1.0,0
61405.0,6.20506516666825,-75.5999247256308,0.0,1
61400.0,6.227332085843799,-75.6019422939543,139.0,0
61397.0,6.23054281717028,-75.6097909722836,1.0,0
61398.0,6.21100527712809,-75.599580102025,0.0,1
61399.0,6.227328454145081,-75.601954040835,140.0,0
61393.0,6.2113433472003114,-75.59506623811072,1.0,0
61395.0,6.232715977571581,-75.613990527579,30.0,0
61164.0,6.21158216468628,-75.6042371825204,0.0,1
60132.0,6.231627173654269,-75.6451123758598,0.0,1
61160.0,6.21007859434026,-75.5946399869155,15.0,0
61161.0,6.213492694270868,-75.6021167317744,0.0,1
61163.0,6.21321180869519,-75.6075095305129,0.0,1
61158.0,6.22730077530948,-75.5912292986384,0.0,1
61159.0,6.21021305401229,-75.5946853325791,2.0,0
61152.0,6.206818154678129,-75.5993573482843,0.0,1
61153.0,6.23107440132168,-75.6010724560093,3.0,0
60152.0,6.2317142982528,-75.5870983779274,0.0,1
60153.0,6.2315876676012,-75.5870891978342,0.0,1
61180.0,6.208333463200799,-75.5997104040043,0.0,1
61181.0,6.22744201392742,-75.601843529798,6.0,0
61176.0,6.2234618325380895,-75.6226417231623,0.0,1
61177.0,6.22339098769161,-75.6223490427269,0.0,1
61178.0,6.224878080790201,-75.5915215389619,0.0,1
61179.0,6.21811522874779,-75.5986377806725,26.0,0
61172.0,6.21158180306298,-75.6042370013287,0.0,1
61173.0,6.2114584528247505,-75.6043657563716,0.0,1
61174.0,6.232143793581199,-75.63254897222642,0.0,1
61175.0,6.232060273742911,-75.6327231493862,0.0,1
61169.0,6.217584811025529,-75.60686563227901,4.0,0
61170.0,6.2188109831755805,-75.60668987186,0.0,1
61197.0,6.2119920173429914,-75.6096870661454,0.0,1
60164.0,6.233147932786812,-75.6284839382628,0.0,1
61198.0,6.212763981879631,-75.6026605933427,0.0,1
61199.0,6.2127704357652505,-75.6026330317531,0.0,1
61188.0,6.213693564462388,-75.5965603160928,3.0,0
61189.0,6.21120855995476,-75.5952317712481,33.0,0
61190.0,6.2137121548494605,-75.5965190287084,16.0,0
60189.0,6.205744904362571,-75.5994110014262,0.0,1
61191.0,6.2127651238988015,-75.6026109705666,0.0,1
61187.0,6.224878080790201,-75.5915215389619,0.0,1
61212.0,6.223157146077981,-75.620127127664,0.0,1
61213.0,6.22158942778315,-75.5921425575047,0.0,1
61214.0,6.216639897697301,-75.597889304729,13.0,0
61215.0,6.208512772549121,-75.6010466503019,0.0,1
61208.0,6.212765123795829,-75.6026110609564,0.0,1
61209.0,6.231862413558221,-75.6305583683807,0.0,1
61210.0,6.231871243316629,-75.6305120074484,0.0,1
61211.0,6.22320410016087,-75.6202754246584,0.0,1
61204.0,6.2147722472655005,-75.6057337966021,0.0,1
61205.0,6.216992210656219,-75.604587742416,4.0,0
61207.0,6.212770436074152,-75.6026327605837,0.0,1
61202.0,6.21559802454232,-75.6080276731112,0.0,1
60202.0,6.23139589816256,-75.5967610671068,3.0,0
61203.0,6.213951816939332,-75.6076096274449,0.0,1
60203.0,6.23134162366582,-75.5967610057893,9.0,0
61228.0,6.2137326178026315,-75.6020108864891,0.0,1
61229.0,6.21370283188468,-75.6020331789951,0.0,1
60197.0,6.221123986867989,-75.643014065263,0.0,1
60193.0,6.222003585245829,-75.6378694528177,0.0,1
61227.0,6.20962653427964,-75.6098616886725,0.0,1
61221.0,6.2171470509726205,-75.5983268263584,20.0,0
61222.0,6.217176311717171,-75.5982888953076,24.0,0
61223.0,6.211513686614601,-75.6015394232768,0.0,1
61216.0,6.22599127998547,-75.6005514387692,2.0,0
60216.0,6.229908211922111,-75.60203390376111,59.0,0
60217.0,6.2243571810943115,-75.604974176576,0.0,1
61219.0,6.22158942778315,-75.5921425575047,0.0,1
60218.0,6.20439958317594,-75.6312137796547,0.0,1
61244.0,6.210414406834608,-75.6014941558226,0.0,1
61245.0,6.22384882464369,-75.5993287151725,34.0,0
60213.0,6.22530634097539,-75.6037981772385,15.0,0
61247.0,6.227810683389582,-75.6124110962486,0.0,1
60214.0,6.228724949647049,-75.5988428684068,0.0,1
61240.0,6.223077103850789,-75.6188054208778,0.0,1
60215.0,6.226968282181809,-75.6024035134917,0.0,1
61241.0,6.22302582211211,-75.6186445545404,0.0,1
61242.0,6.219383330217139,-75.5925591425337,0.0,1
60209.0,6.234901864680358,-75.60744369240611,0.0,1
61243.0,6.21376846598648,-75.5963976076801,7.0,0
60210.0,6.235416134572321,-75.6081329035688,0.0,1
61236.0,6.213492694270868,-75.6021167317744,0.0,1
60211.0,6.23412828898657,-75.625608522914,0.0,1
61237.0,6.21370283188468,-75.6020331789951,0.0,1
61238.0,6.233065072630028,-75.6292436829445,0.0,1
61239.0,6.233023586872441,-75.6292151597295,0.0,1
61233.0,6.217408000914839,-75.6032000871211,0.0,1
61234.0,6.219289542299249,-75.6049988432847,0.0,1
61260.0,6.214718645336781,-75.6019758510434,0.0,1
61261.0,6.214735795914632,-75.6019283252469,0.0,1
60228.0,6.23339445500764,-75.62701787570461,0.0,1
60229.0,6.23341804847684,-75.6270311915005,0.0,1
60230.0,6.23340790956541,-75.6401366200995,0.0,1
61259.0,6.208801635113608,-75.6099553771131,0.0,1
61252.0,6.218313287490781,-75.5989156856465,42.0,0
60227.0,6.221985766706379,-75.6376434540289,0.0,1
61253.0,6.218347780785063,-75.5988901440352,42.0,0
61254.0,6.211004335681651,-75.5996126412467,0.0,1
61255.0,6.211571208530649,-75.6015474428715,0.0,1
61251.0,6.219383330217139,-75.5925591425337,0.0,1
61276.0,6.221207486670661,-75.5993076442427,9.0,0
61278.0,6.228436383008379,-75.61404060267671,0.0,1
61272.0,6.222266390678412,-75.6155062739988,0.0,1
61273.0,6.215621196061061,-75.5933634753543,0.0,1
61274.0,6.2115341035955725,-75.5952438875874,28.0,0
61275.0,6.2109047548233285,-75.5991219838274,0.0,1
61268.0,6.214735795914632,-75.6019283252469,0.0,1
61269.0,6.21472262643197,-75.6018160455483,0.0,1
60012.0,6.231911335012169,-75.6097232206151,11.0,0
61270.0,6.234082053157609,-75.6256950648123,0.0,1
60013.0,6.230666855119841,-75.6092248944404,0.0,1
52056.0,6.239085429080408,-75.5879203582529,0.0,1
61271.0,6.234510751985301,-75.6243026123873,0.0,1
52214.0,6.239203882168951,-75.5845623386095,5.0,0
52447.0,6.2393914288092605,-75.5805874252072,14.0,0
61265.0,6.2166316646910795,-75.600285370896,0.0,1
61266.0,6.219979396980298,-75.6066333609561,0.0,1
61036.0,6.21198403261863,-75.6097082985346,0.0,1
60011.0,6.230766434022831,-75.6093159445405,0.0,1
61039.0,6.216461142070838,-75.60489744670271,0.0,1
61032.0,6.21604178967651,-75.5998079824717,0.0,1
61034.0,6.212765123795829,-75.6026110609564,0.0,1
61035.0,6.2088771987655305,-75.6013894581097,0.0,1
51791.0,6.238844010656339,-75.594480332435,0.0,1
61031.0,6.21811459400963,-75.5986391358185,24.0,0
60026.0,6.23410296664872,-75.6135182981246,0.0,1
61048.0,6.229908211922111,-75.60203390376111,59.0,0
61051.0,6.235370416927181,-75.6021764444867,48.0,0
61044.0,6.20842709619469,-75.599782007807,0.0,1
61045.0,6.211963168002591,-75.6072429857397,0.0,1
61046.0,6.223638925079291,-75.6310438114262,0.0,1
61047.0,6.223568394072151,-75.6303407540267,0.0,1
60046.0,6.230829795886641,-75.6092798604583,0.0,1
60047.0,6.230829795886641,-75.6092798604583,0.0,1
60040.0,6.231601408235291,-75.5909851675722,0.0,1
61041.0,6.20679423069693,-75.599315561541,0.0,1
60041.0,6.231547133681889,-75.5909851068461,0.0,1
61042.0,6.208512772549121,-75.6010466503019,0.0,1
61043.0,6.20884215177967,-75.6013449468232,0.0,1
60042.0,6.203800035938841,-75.6052442798571,0.0,1
61068.0,6.2233447590173405,-75.6270183357006,0.0,1
60043.0,6.230829795886641,-75.6092798604583,0.0,1
61069.0,6.223405579941147,-75.6282838865269,0.0,1
61070.0,6.223384973631351,-75.6279645998859,0.0,1
61071.0,6.2233446685603395,-75.6270183355933,0.0,1
61065.0,6.220079698847981,-75.6060161949439,2.0,0
61066.0,6.21041422489228,-75.6014950595116,0.0,1
61067.0,6.2103455229166515,-75.6014547581977,0.0,1
61060.0,6.21076349666471,-75.6003666702909,0.0,1
61061.0,6.21041422468682,-75.6014952402905,0.0,1
60060.0,6.232266081759601,-75.6076305762874,2.0,0
61062.0,6.213081207653881,-75.6074924778359,0.0,1
61056.0,6.2150994098989605,-75.6012350829383,0.0,1
52091.0,6.2357664351332,-75.5873170651526,0.0,1
61059.0,6.21145863363637,-75.6043658469675,0.0,1
51984.0,6.23865271745554,-75.5898969466854,0.0,1
61084.0,6.211555708289529,-75.6065673080424,0.0,1
61087.0,6.2196275449271985,-75.6085761839198,0.0,1
52334.0,6.232825722472701,-75.58261480791751,0.0,1
52218.0,6.23329445775756,-75.5844350162631,0.0,1
61082.0,6.210821710514619,-75.6057998741727,0.0,1
61083.0,6.211598294391892,-75.60159266849641,0.0,1
61079.0,6.21475507521044,-75.6017589557557,0.0,1
61072.0,6.23697263329631,-75.5916050473468,8.0,0
60079.0,6.231064174791641,-75.601076692848,3.0,0
61073.0,6.22744201392742,-75.601843529798,6.0,0
61074.0,6.2315245886726895,-75.5868721835754,0.0,1
61075.0,6.232430815247981,-75.60210059648752,244.0,0
60074.0,6.218402855611189,-75.6355415386914,0.0,1
61100.0,6.23109426821696,-75.5914998417126,0.0,1
61101.0,6.232829056699461,-75.6022174771916,29.0,0
60070.0,6.205914466402481,-75.6218106722736,0.0,1
61096.0,6.2233530331713,-75.6257621769228,0.0,1
61097.0,6.22331779640856,-75.6256507730832,0.0,1
52122.0,6.23897292523816,-75.5866208908478,5.0,0
61098.0,6.23521256937168,-75.5915501941006,15.0,0
61099.0,6.22598104245766,-75.600565347543,6.0,0
61092.0,6.231966949135449,-75.6335295213293,0.0,1
61093.0,6.23336855772752,-75.6402136774751,0.0,1
61094.0,6.223371681300869,-75.626894531477,0.0,1
60093.0,6.20662823106734,-75.6137760494462,0.0,1
61095.0,6.223371681300869,-75.626894531477,0.0,1
61088.0,6.21123287889519,-75.6047378140569,0.0,1
61089.0,6.21164580030815,-75.6016584357857,0.0,1
61090.0,6.21151477446788,-75.6015373455476,0.0,1
61091.0,6.23194108943845,-75.6335203606483,0.0,1
61117.0,6.21955106585013,-75.611590454138,0.0,1
61118.0,6.2110322745100595,-75.6032846624158,0.0,1
52056.0,6.239085429080408,-75.5879203582529,0.0,1
61119.0,6.21106262967287,-75.6033185026946,0.0,1
52087.0,6.23346681066609,-75.5874081048677,0.0,1
61112.0,6.21070309285356,-75.6068505168071,0.0,1
52319.0,6.2329600000469,-75.5828511961795,0.0,1
60080.0,6.231173935388452,-75.6010454513352,1.0,0
60081.0,6.231110615191531,-75.6010453792871,3.0,0
61108.0,6.213388581030448,-75.6022726266658,0.0,1
61111.0,6.21069094958739,-75.6068696654796,0.0,1
60104.0,6.231015196062711,-75.60538413692291,0.0,1
61107.0,6.2158771857382895,-75.6040734131216,0.0,1
51791.0,6.238844010656339,-75.594480332435,0.0,1
61133.0,6.214739904982229,-75.6022917892414,0.0,1
52056.0,6.239085429080408,-75.5879203582529,0.0,1
61134.0,6.21272786067603,-75.6026063182967,0.0,1
52134.0,6.239145384171871,-75.586489675122,0.0,1
60102.0,6.230746933434931,-75.6055907389854,3.0,0
52214.0,6.239203882168951,-75.5845623386095,5.0,0
61128.0,6.2307537317458115,-75.596688027158,9.0,0
60103.0,6.23107851620904,-75.6053842094899,0.0,1
61129.0,6.2349019909627,-75.6022879983686,22.0,0
51522.0,6.236846252912079,-75.5996272192365,0.0,1
51653.0,6.236024507051019,-75.5970887710052,0.0,1
51687.0,6.238302022995361,-75.5965941207048,4.0,0
61124.0,6.231636333861771,-75.6387752400805,0.0,1
61125.0,6.22336227203431,-75.6243761265299,0.0,1
60125.0,6.23099370357625,-75.59613879824,8.0,0
61126.0,6.231062156841363,-75.5914181806564,13.0,0
61127.0,6.22389065793092,-75.5993715179443,43.0,0
61120.0,6.210969626597421,-75.6034089672155,0.0,1
61121.0,6.231300703611258,-75.6396999109253,0.0,1
61122.0,6.231694614914682,-75.6386784097339,0.0,1
60121.0,6.215171457952961,-75.6042125323319,0.0,1
60122.0,6.23106215521978,-75.5914196269465,13.0,0
61123.0,6.2312484118214,-75.6397062654631,0.0,1
60123.0,6.23131229912721,-75.595815188511,2.0,0
61148.0,6.232013577493059,-75.6352985622867,0.0,1
61149.0,6.222338325271079,-75.6226660717365,0.0,1
61150.0,6.22730077530948,-75.5912292986384,0.0,1
61151.0,6.22118396331487,-75.5993115044288,9.0,0
61144.0,6.21094401398096,-75.6042132247736,0.0,1
61145.0,6.210768374262129,-75.6041087149653,0.0,1
61146.0,6.21194570817099,-75.6072443215765,0.0,1
61147.0,6.232041196415401,-75.6353491250184,0.0,1
61141.0,6.219658565652008,-75.608581552662,0.0,1
60908.0,6.207634279788981,-75.60728132290501,0.0,1
61142.0,6.211314352561801,-75.6046836732373,0.0,1
60909.0,6.207446016248669,-75.6071422698617,0.0,1
61143.0,6.210929128903299,-75.6042570467579,0.0,1
60910.0,6.220981219689009,-75.6348829744931,0.0,1
60911.0,6.227332318711581,-75.5913335565995,0.0,1
52332.0,6.239283282697931,-75.5826770399027,0.0,1
61137.0,6.211634957052999,-75.6065603483603,0.0,1
60904.0,6.20370643757059,-75.603715886667,0.0,1
52447.0,6.2393914288092605,-75.5805874252072,14.0,0
61138.0,6.21086559382079,-75.6057108906165,0.0,1
60905.0,6.2075347867465505,-75.6165083782358,0.0,1
51915.0,6.236003463205959,-75.5913242019159,0.0,1
60907.0,6.220800427975729,-75.5993071831732,5.0,0
51886.0,6.232272510396782,-75.5916817224078,0.0,1
60901.0,6.221055662915639,-75.5983017773925,0.0,1
51676.0,6.232118006809831,-75.5966589336845,18.0,0
51411.0,6.231929741844749,-75.6016553929816,6.0,0
60902.0,6.20162012679341,-75.6003687939652,0.0,1
60903.0,6.201586622646881,-75.6003196753468,0.0,1
60896.0,6.22145757033961,-75.6393798577552,0.0,1
60897.0,6.224338498801199,-75.5917652651958,0.0,1
52076.0,6.2388945189288405,-75.5875526441692,2.0,0
52081.0,6.23671081567617,-75.5874810349752,4.0,0
60924.0,6.20752084218636,-75.6149648824301,0.0,1
60926.0,6.217816252399361,-75.5984902862431,2.0,0
60927.0,6.207214124812259,-75.606474482172,0.0,1
60920.0,6.201698918130379,-75.599887114565,0.0,1
60921.0,6.202641946369699,-75.6000405750873,0.0,1
60922.0,6.2026709448537,-75.6000745034724,0.0,1
60923.0,6.202905656983501,-75.6019311634204,0.0,1
60916.0,6.202770155617061,-75.6011307121522,0.0,1
51718.0,6.238789784841719,-75.5960221370693,0.0,1
60917.0,6.219322800073539,-75.598910771751,0.0,1
51791.0,6.238844010656339,-75.594480332435,0.0,1
55267.0,6.238868411628189,-75.5929473077149,0.0,1
50823.0,6.23445330663553,-75.6155747799849,0.0,1
60919.0,6.201745283038229,-75.5998424248574,0.0,1
50748.0,6.23565663974571,-75.6184936444273,0.0,1
60915.0,6.228482049253159,-75.5963059026945,4.0,0
50965.0,6.23288233085725,-75.6116457853061,20.0,0
50937.0,6.23261993509364,-75.6123352605744,0.0,1
60941.0,6.202896324809902,-75.6009084095173,0.0,1
50918.0,6.233289211331971,-75.6129405801976,8.0,0
60942.0,6.207086494061061,-75.6122866108992,0.0,1
50908.0,6.23436686813223,-75.6131549705694,0.0,1
51224.0,6.23182228189871,-75.6045762724305,0.0,1
51093.0,6.231674995849751,-75.6077929379494,0.0,1
51008.0,6.2319052450351995,-75.6097382310483,48.0,0
60938.0,6.225287824391581,-75.5970929596726,17.0,0
50983.0,6.23317954626874,-75.6107171441033,0.0,1
60939.0,6.21826469162547,-75.5991728832606,1.0,0
60932.0,6.231061191859291,-75.5914720539495,9.0,0
60928.0,6.207192137034358,-75.6064802419164,0.0,1
60929.0,6.2061167489092695,-75.6058733171485,0.0,1
60930.0,6.206111372209948,-75.605908020286,0.0,1
60931.0,6.21991812576532,-75.6356712609589,0.0,1
60956.0,6.20702355438096,-75.6107822876355,0.0,1
60958.0,6.219104430093519,-75.6008280806714,0.0,1
60959.0,6.2137842564578,-75.5963525207422,4.0,0
60952.0,6.22353417190551,-75.5975290185512,0.0,1
52056.0,6.239085429080408,-75.5879203582529,0.0,1
60953.0,6.204832061423991,-75.6019144576871,0.0,1
52150.0,6.238696403484201,-75.5859371538625,0.0,1
60954.0,6.216090076342449,-75.5998235843418,0.0,1
52255.0,6.2387966768599386,-75.5837276542727,0.0,1
60955.0,6.20382002989568,-75.6018275308848,0.0,1
52307.0,6.239084729222379,-75.5829875189352,0.0,1
60944.0,6.216677213831609,-75.597847224809,13.0,0
60945.0,6.206103612154481,-75.6047040331802,0.0,1
60946.0,6.20607181705992,-75.6046637739309,0.0,1
60947.0,6.234990817196881,-75.59158619357011,9.0,0
60972.0,6.2150533107252395,-75.6012845645163,0.0,1
60973.0,6.204832061423991,-75.6019144576871,0.0,1
60974.0,6.205065142711221,-75.5999458765519,0.0,1
60975.0,6.208157596395978,-75.609468071992,0.0,1
60970.0,6.221055662915639,-75.5983017773925,0.0,1
60964.0,6.220165938110031,-75.6357043704435,0.0,1
60965.0,6.23661083881987,-75.5926194972805,0.0,1
60960.0,6.20588246643576,-75.6029383985028,0.0,1
60961.0,6.20586390948049,-75.6029499471687,0.0,1
60962.0,6.221578807717321,-75.6365126257715,0.0,1
60963.0,6.221477755437751,-75.6365224471886,0.0,1
60989.0,6.214979789864252,-75.5983149769168,0.0,1
60990.0,6.21932189857172,-75.5989080589973,0.0,1
60980.0,6.2049457507368295,-75.6016099770433,0.0,1
60981.0,6.2221511721615,-75.635199300714,0.0,1
60982.0,6.222129202120359,-75.6351901448435,0.0,1
60983.0,6.23798946903951,-75.5912817617238,0.0,1
60977.0,6.21854809139576,-75.6014064031645,2.0,0
60978.0,6.211352331965391,-75.5951204820905,4.0,0
60979.0,6.205049949980508,-75.60169659714002,0.0,1
61004.0,6.235378429426641,-75.60220989933671,39.0,0
61000.0,6.205065532081619,-75.5999215624407,0.0,1
61001.0,6.223125725129649,-75.6340957101229,0.0,1
61002.0,6.223091462252919,-75.63385269756681,0.0,1
60996.0,6.2255377691228295,-75.6030527970493,0.0,1
60997.0,6.219040159350589,-75.6030920315616,0.0,1
60999.0,6.205065325059629,-75.5999446113167,0.0,1
60992.0,6.21472262643197,-75.6018160455483,0.0,1
60993.0,6.205991273674998,-75.60040221254572,0.0,1
60994.0,6.208659911397758,-75.6098567803089,0.0,1
61021.0,6.223682956544039,-75.6324226026935,0.0,1
61023.0,6.23240519320181,-75.6021203634097,145.0,0
61017.0,6.22432558550401,-75.6046809091867,0.0,1
61018.0,6.2191029327049785,-75.6045208232288,0.0,1
61012.0,6.213492694270868,-75.6021167317744,0.0,1
61013.0,6.20715889215252,-75.6004098616414,0.0,1
61014.0,6.209538086936479,-75.6099227804475,0.0,1
61009.0,6.21663971657781,-75.59788948530591,13.0,0
61010.0,6.21833114337518,-75.5991236050245,2.0,0
50940.0,6.23254541109047,-75.6123058239291,0.0,1
50966.0,6.2327378058549,-75.6116310995074,8.0,0
50985.0,6.233121179231469,-75.6106541353757,0.0,1
51004.0,6.231842461957149,-75.6098475950083,76.0,0
50822.0,6.234351063830888,-75.6156700949629,0.0,1
50856.0,6.234289805342791,-75.6143384798879,0.0,1
50871.0,6.23368300665821,-75.6138240083082,0.0,1
50917.0,6.23202903597174,-75.6129644093358,0.0,1
60796.0,6.22560637262927,-75.6039702648824,0.0,1
60797.0,6.226346854540999,-75.6028652521108,1.0,0
60798.0,6.2255377691228295,-75.6030527970493,0.0,1
50745.0,6.2355684447338104,-75.6185948027212,0.0,1
60799.0,6.22560637262927,-75.6039702648824,0.0,1
52483.0,6.23306748146506,-75.5798867916862,0.0,1
52447.0,6.2393914288092605,-75.5805874252072,14.0,0
51903.0,6.235142603056407,-75.5915266695111,0.0,1
51898.0,6.23680101989922,-75.5915621267703,0.0,1
52134.0,6.239145384171871,-75.586489675122,0.0,1
52287.0,6.239288494131581,-75.5832728224507,3.0,0
51557.0,6.231005796459339,-75.5989681635638,0.0,1
51721.0,6.23115089230659,-75.5958748548635,0.0,1
60813.0,6.215171457952961,-75.6042125323319,0.0,1
51786.0,6.23121890508379,-75.594047252144,0.0,1
60814.0,6.215171457952961,-75.6042125323319,0.0,1
51911.0,6.2311827476523405,-75.5913837479461,6.0,0
51072.0,6.229990430070188,-75.6081381669002,0.0,1
51237.0,6.22922488381661,-75.6042842731771,0.0,1
51388.0,6.22978612656467,-75.60196889984161,91.0,0
51444.0,6.230875486304239,-75.6009817963455,0.0,1
60805.0,6.22197059291097,-75.6086381755868,1.0,0
60800.0,6.22914712435853,-75.6040723869281,0.0,1
60801.0,6.226346854540999,-75.6028652521108,1.0,0
60802.0,6.2255377691228295,-75.6030527970493,0.0,1
60803.0,6.224324863604581,-75.6046793716993,0.0,1
60828.0,6.210721751234041,-75.60056529939361,0.0,1
60829.0,6.210814138371819,-75.5997413216994,0.0,1
60830.0,6.225270334310702,-75.6060916532217,0.0,1
60827.0,6.21663971657781,-75.59788948530591,13.0,0
60822.0,6.21811459400963,-75.5986391358185,24.0,0
60823.0,6.22681411141462,-75.6057504747569,0.0,1
60816.0,6.2158771857382895,-75.6040734131216,0.0,1
60817.0,6.2158771857382895,-75.6040734131216,0.0,1
50918.0,6.233289211331971,-75.6129405801976,8.0,0
50908.0,6.23436686813223,-75.6131549705694,0.0,1
60846.0,6.222651081363811,-75.6133498916906,0.0,1
50823.0,6.23445330663553,-75.6155747799849,0.0,1
50748.0,6.23565663974571,-75.6184936444273,0.0,1
60840.0,6.223724653385291,-75.6102840573179,0.0,1
51008.0,6.2319052450351995,-75.6097382310483,48.0,0
50983.0,6.23317954626874,-75.6107171441033,0.0,1
60842.0,6.2107202135590995,-75.6005652072615,0.0,1
50965.0,6.23288233085725,-75.6116457853061,20.0,0
60843.0,6.2109069257016,-75.5991220766712,0.0,1
50823.0,6.23445330663553,-75.6155747799849,0.0,1
50937.0,6.23261993509364,-75.6123352605744,0.0,1
50748.0,6.23565663974571,-75.6184936444273,0.0,1
51676.0,6.232118006809831,-75.5966589336845,18.0,0
50745.0,6.2355684447338104,-75.6185948027212,0.0,1
51411.0,6.231929741844749,-75.6016553929816,6.0,0
60838.0,6.211274883944909,-75.5978631826618,0.0,1
50822.0,6.234351063830888,-75.6156700949629,0.0,1
51224.0,6.23182228189871,-75.6045762724305,0.0,1
50965.0,6.23288233085725,-75.6116457853061,20.0,0
51093.0,6.231674995849751,-75.6077929379494,0.0,1
60832.0,6.214979789864252,-75.5983149769168,0.0,1
50937.0,6.23261993509364,-75.6123352605744,0.0,1
52076.0,6.2388945189288405,-75.5875526441692,2.0,0
60833.0,6.21328859605954,-75.5984728763179,0.0,1
50922.0,6.233986364778941,-75.6128273471436,22.0,0
52081.0,6.23671081567617,-75.5874810349752,4.0,0
60834.0,6.224182028714078,-75.6085400238568,0.0,1
50908.0,6.23436686813223,-75.6131549705694,0.0,1
51915.0,6.236003463205959,-75.5913242019159,0.0,1
51224.0,6.23182228189871,-75.6045762724305,0.0,1
51886.0,6.232272510396782,-75.5916817224078,0.0,1
60860.0,6.22332875936226,-75.6244894377565,0.0,1
51093.0,6.231674995849751,-75.6077929379494,0.0,1
60861.0,6.213851573262199,-75.5937650853787,10.0,0
51008.0,6.2319052450351995,-75.6097382310483,48.0,0
50983.0,6.23317954626874,-75.6107171441033,0.0,1
60856.0,6.210078232103611,-75.5946403480675,15.0,0
51353.0,6.234846266635119,-75.6023582345632,36.0,0
51359.0,6.23254161452183,-75.602289039067,4.0,0
60859.0,6.232466259791582,-75.6021135631406,109.0,0
60853.0,6.23537891568812,-75.602180160328,44.0,0
60854.0,6.222403536573989,-75.6167362984212,0.0,1
60855.0,6.222262407777231,-75.6151203886937,0.0,1
51388.0,6.22978612656467,-75.60196889984161,91.0,0
51383.0,6.232234642306081,-75.6020713583392,510.0,0
51375.0,6.235221908791199,-75.6021378126623,9.0,0
60850.0,6.212456158258759,-75.5984340625922,0.0,1
60851.0,6.213241785514682,-75.5986715912312,0.0,1
50985.0,6.233121179231469,-75.6106541353757,0.0,1
51004.0,6.231842461957149,-75.6098475950083,76.0,0
51072.0,6.229990430070188,-75.6081381669002,0.0,1
60878.0,6.225287824391581,-75.5970929596726,17.0,0
51237.0,6.22922488381661,-75.6042842731771,0.0,1
60879.0,6.20734367385965,-75.6197425368935,0.0,1
50856.0,6.234289805342791,-75.6143384798879,0.0,1
60872.0,6.207400406628202,-75.6218119625795,0.0,1
50917.0,6.23202903597174,-75.6129644093358,0.0,1
60873.0,6.22753666084078,-75.6018186892474,22.0,0
50940.0,6.23254541109047,-75.6123058239291,0.0,1
60874.0,6.219505228486908,-75.5926743470773,1.0,0
50966.0,6.2327378058549,-75.6116310995074,8.0,0
60871.0,6.22848267939143,-75.5963086151873,4.0,0
60865.0,6.229924499516799,-75.6020293122837,64.0,0
60866.0,6.22357996262985,-75.6327695820605,0.0,1
60867.0,6.217131656757858,-75.5931236436856,1.0,0
60892.0,6.22392112907106,-75.5993830322491,21.0,0
60893.0,6.2075418712406485,-75.6100014724386,0.0,1
60894.0,6.207976542487389,-75.6092744313951,0.0,1
60895.0,6.221405265501808,-75.6394717219811,0.0,1
60888.0,6.223533721765681,-75.5975271198136,0.0,1
60889.0,6.2011686451296795,-75.6013329039163,0.0,1
60890.0,6.206990807734488,-75.6181881622888,0.0,1
60884.0,6.221233966999422,-75.5923506929746,0.0,1
60881.0,6.226009392041169,-75.6005333808971,1.0,0
60882.0,6.206454498495649,-75.6117122744992,0.0,1
60883.0,6.206432341461829,-75.6117079102853,0.0,1
60653.0,6.208512772549121,-75.6010466503019,0.0,1
60649.0,6.206818154678129,-75.5993573482843,0.0,1
60651.0,6.20833074742716,-75.599712208717,0.0,1
51388.0,6.22978612656467,-75.60196889984161,91.0,0
51383.0,6.232234642306081,-75.6020713583392,510.0,0
51377.0,6.23432596517186,-75.6021020063853,4.0,0
60647.0,6.205744904362571,-75.5994110014262,0.0,1
51540.0,6.223098513376409,-75.5992962058245,0.0,1
51543.0,6.223802585658159,-75.5992780868392,2.0,0
51488.0,6.225622734955009,-75.600106026744,5.0,0
51401.0,6.227351556067049,-75.6017429728974,3.0,0
51696.0,6.21396450277495,-75.59640764211,6.0,0
51585.0,6.21799722829057,-75.5985152671981,2.0,0
51553.0,6.219579914118831,-75.5990966488976,0.0,1
51545.0,6.221606150768339,-75.5992335412217,0.0,1
51746.0,6.211448799939799,-75.5951079751938,17.0,0
51606.0,6.2165825443122795,-75.5980882562903,0.0,1
51708.0,6.212851473456252,-75.596125656196,0.0,1
51742.0,6.210989679194829,-75.5951802253496,2.0,0
51523.0,6.2236899170603515,-75.5995614017609,8.0,0
51525.0,6.221829512342642,-75.5995205074908,1.0,0
51532.0,6.2200268334675695,-75.5994074993126,0.0,1
51559.0,6.218134596519449,-75.598888506505,0.0,1
51358.0,6.232017718143699,-75.60229995480242,29.0,0
51366.0,6.230221368732609,-75.6022089800516,1.0,0
51237.0,6.22922488381661,-75.6042842731771,0.0,1
51384.0,6.227237369733661,-75.6019722156532,68.0,0
51388.0,6.22978612656467,-75.60196889984161,91.0,0
51464.0,6.22557844932449,-75.6004733496952,1.0,0
51444.0,6.230875486304239,-75.6009817963455,0.0,1
51557.0,6.231005796459339,-75.5989681635638,0.0,1
50966.0,6.2327378058549,-75.6116310995074,8.0,0
50985.0,6.233121179231469,-75.6106541353757,0.0,1
51353.0,6.234846266635119,-75.6023582345632,36.0,0
51004.0,6.231842461957149,-75.6098475950083,76.0,0
51072.0,6.229990430070188,-75.6081381669002,0.0,1
50856.0,6.234289805342791,-75.6143384798879,0.0,1
50871.0,6.23368300665821,-75.6138240083082,0.0,1
50917.0,6.23202903597174,-75.6129644093358,0.0,1
50940.0,6.23254541109047,-75.6123058239291,0.0,1
50745.0,6.2355684447338104,-75.6185948027212,0.0,1
50822.0,6.234351063830888,-75.6156700949629,0.0,1
51898.0,6.23680101989922,-75.5915621267703,0.0,1
52134.0,6.239145384171871,-75.586489675122,0.0,1
52287.0,6.239288494131581,-75.5832728224507,3.0,0
52447.0,6.2393914288092605,-75.5805874252072,14.0,0
51721.0,6.23115089230659,-75.5958748548635,0.0,1
51786.0,6.23121890508379,-75.594047252144,0.0,1
51911.0,6.2311827476523405,-75.5913837479461,6.0,0
51903.0,6.235142603056407,-75.5915266695111,0.0,1
60750.0,6.23380318180524,-75.6075894080746,5.0,0
51112.0,6.224840414035151,-75.6073427309644,0.0,1
51155.0,6.22469460493529,-75.6059717727503,4.0,0
51104.0,6.222899776528269,-75.6075444160888,0.0,1
51050.0,6.22168755511615,-75.6087098180703,20.0,0
50855.0,6.221805314621919,-75.6143426884577,0.0,1
50921.0,6.222255114105889,-75.6128303734128,0.0,1
51359.0,6.23254161452183,-75.602289039067,4.0,0
50980.0,6.22301681554316,-75.6108142374207,0.0,1
51224.0,6.23182228189871,-75.6045762724305,0.0,1
51040.0,6.224033109697561,-75.6089694626128,0.0,1
51093.0,6.231674995849751,-75.6077929379494,0.0,1
50989.0,6.2236196913041,-75.6104095413913,0.0,1
51008.0,6.2319052450351995,-75.6097382310483,48.0,0
55237.0,6.221698831225992,-75.6121045755297,0.0,1
50855.0,6.221805314621919,-75.6143426884577,0.0,1
50838.0,6.220453302766771,-75.61455257603211,0.0,1
51168.0,6.22022999147325,-75.6058286831572,0.0,1
51353.0,6.234846266635119,-75.6023582345632,36.0,0
51170.0,6.2230221013881994,-75.6058172243009,0.0,1
51119.0,6.22502272712662,-75.6072223719766,0.0,1
51039.0,6.224191391379799,-75.6090420785218,0.0,1
51909.0,6.232542420344799,-75.5914120072738,0.0,1
51903.0,6.235142603056407,-75.5915266695111,0.0,1
51944.0,6.237869052384221,-75.5909075531553,0.0,1
52214.0,6.239203882168951,-75.5845623386095,5.0,0
51695.0,6.227431275767941,-75.5964655524456,0.0,1
51714.0,6.229844726598269,-75.5960060672379,24.0,0
50966.0,6.2327378058549,-75.6116310995074,8.0,0
51756.0,6.231187540788049,-75.5949384443454,0.0,1
50985.0,6.233121179231469,-75.6106541353757,0.0,1
51835.0,6.23102547295339,-75.5928217660043,0.0,1
51004.0,6.231842461957149,-75.6098475950083,76.0,0
51271.0,6.223048588037998,-75.60370816093551,0.0,1
51072.0,6.229990430070188,-75.6081381669002,0.0,1
51352.0,6.22433508017634,-75.6023352583288,0.0,1
50822.0,6.234351063830888,-75.6156700949629,0.0,1
51460.0,6.22546962427205,-75.60069782378142,0.0,1
50856.0,6.234289805342791,-75.6143384798879,0.0,1
51628.0,6.224756901345979,-75.5975680084293,0.0,1
50917.0,6.23202903597174,-75.6129644093358,0.0,1
50972.0,6.21944115732534,-75.6113660464762,0.0,1
50940.0,6.23254541109047,-75.6123058239291,0.0,1
55281.0,6.217397664097241,-75.606907513192,4.0,0
50908.0,6.23436686813223,-75.6131549705694,0.0,1
55282.0,6.217277609315869,-75.6042576899096,0.0,1
50823.0,6.23445330663553,-75.6155747799849,0.0,1
51168.0,6.22022999147325,-75.6058286831572,0.0,1
50748.0,6.23565663974571,-75.6184936444273,0.0,1
51897.0,6.232602398258337,-75.5915587838667,3.0,0
61544.0,6.226968282181809,-75.6024035134917,0.0,1
50745.0,6.2355684447338104,-75.6185948027212,0.0,1
51811.0,6.232219877100052,-75.5933736267514,2.0,0
50983.0,6.23317954626874,-75.6107171441033,0.0,1
51737.0,6.2321397176264695,-75.5953054910179,1.0,0
50965.0,6.23288233085725,-75.6116457853061,20.0,0
51601.0,6.230935535421221,-75.5981729335368,3.0,0
50937.0,6.23261993509364,-75.6123352605744,0.0,1
50922.0,6.233986364778941,-75.6128273471436,22.0,0
52077.0,6.23730723853264,-75.58752183753141,2.0,0
51986.0,6.236054745748519,-75.5898453164384,1.0,0
51894.0,6.234751433494219,-75.5916370119123,3.0,0
51586.0,6.238012327694481,-75.5983784036721,1.0,0
61543.0,6.20798536832506,-75.5994830430707,0.0,1
51588.0,6.23632529343343,-75.5983402861162,0.0,1
51591.0,6.235013356577952,-75.5983265337542,0.0,1
61537.0,6.22516039486749,-75.5972305733955,15.0,0
51596.0,6.23417292686759,-75.5983014879533,0.0,1
61538.0,6.225160574964521,-75.5972312967361,15.0,0
52447.0,6.2393914288092605,-75.5805874252072,14.0,0
61565.0,6.220697232895242,-75.6409863560273,0.0,1
51039.0,6.224191391379799,-75.6090420785218,0.0,1
50989.0,6.2236196913041,-75.6104095413913,0.0,1
61561.0,6.211831853394709,-75.5941500522395,3.0,0
51237.0,6.22922488381661,-75.6042842731771,0.0,1
61562.0,6.211826659734759,-75.5941029532707,6.0,0
51388.0,6.22978612656467,-75.60196889984161,91.0,0
51383.0,6.232234642306081,-75.6020713583392,510.0,0
51228.0,6.217325506085531,-75.6044043715849,1.0,0
51375.0,6.235221908791199,-75.6021378126623,9.0,0
51131.0,6.21738575084385,-75.6067797940455,0.0,1
61557.0,6.23463850908695,-75.6096673425993,0.0,1
50972.0,6.21944115732534,-75.6113660464762,0.0,1
61558.0,6.234514798097809,-75.6095590890637,0.0,1
51052.0,6.2225188607097905,-75.6086460906446,0.0,1
61559.0,6.2253994295831,-75.6039495094844,0.0,1
51298.0,6.225835274955118,-75.6031726262974,1.0,0
51190.0,6.224046229987801,-75.60556124983401,2.0,0
61553.0,6.225287824391581,-75.5970929596726,17.0,0
51104.0,6.222899776528269,-75.6075444160888,0.0,1
61554.0,6.225160574964521,-75.5972312967361,15.0,0
51050.0,6.22168755511615,-75.6087098180703,20.0,0
51109.0,6.231967259165598,-75.6075186098972,6.0,0
61555.0,6.211271464631131,-75.6026317789037,0.0,1
51705.0,6.23043541810405,-75.5961885754187,0.0,1
51105.0,6.233045087906418,-75.6075674285995,0.0,1
51678.0,6.22744675159994,-75.5967173140714,3.0,0
51090.0,6.234259878168541,-75.6078281886802,0.0,1
51631.0,6.2248474410683405,-75.59745872074951,0.0,1
51454.0,6.225531376442609,-75.6007887241372,0.0,1
51411.0,6.231929741844749,-75.6016553929816,6.0,0
51344.0,6.231905898136511,-75.6024596433777,0.0,1
51224.0,6.23182228189871,-75.6045762724305,0.0,1
51178.0,6.23178312391631,-75.6057897016557,0.0,1
61578.0,6.2144924093806795,-75.6020566739616,0.0,1
51598.0,6.2328060565040495,-75.5982546441951,0.0,1
51581.0,6.232040190361399,-75.5984300059939,0.0,1
51529.0,6.232006035684281,-75.5994666417071,1.0,0
51450.0,6.231947409952881,-75.6009038557797,0.0,1
61575.0,6.230765986525729,-75.609859747703,3.0,0
61570.0,6.23299822259737,-75.6116397278912,5.0,0
61571.0,6.2329081299124685,-75.6116372733188,6.0,0
61596.0,6.22823382198943,-75.5964761935947,2.0,0
61593.0,6.207314316317609,-75.622175676089,0.0,1
61594.0,6.20632617144109,-75.6237047941231,0.0,1
61595.0,6.22823382198943,-75.5964761935947,2.0,0
61589.0,6.23135687897082,-75.5912470345504,0.0,1
61584.0,6.227332225418329,-75.5913360874881,0.0,1
61585.0,6.203684902305751,-75.6037214662428,0.0,1
61612.0,6.22848267939143,-75.5963086151873,4.0,0
61613.0,6.22823382198943,-75.5964761935947,2.0,0
61614.0,6.236882649254889,-75.5923108350372,0.0,1
61615.0,6.2070628967820705,-75.6003475653215,0.0,1
61600.0,6.222298451747971,-75.6150843644538,0.0,1
61602.0,6.20679423069693,-75.599315561541,0.0,1
61603.0,6.228724949647049,-75.5988428684068,0.0,1
61625.0,6.22073349236269,-75.6409231264958,0.0,1
61620.0,6.2241156852180906,-75.6088085918728,0.0,1
61616.0,6.20715889215252,-75.6004098616414,0.0,1
61617.0,6.235389259615591,-75.608219198604,0.0,1
61619.0,6.2242849484752005,-75.609264090228,0.0,1
